{
  "Linear": {
    "coef": [
      0.885869296821518,
      0.8292982587192682,
      1.0368411732451233,
      0.008586273723895872,
      -0.11547796027879384,
      2.41249895958977,
      1.3729248951975408
    ],
    "intercept": 29.305898491083678,
    "mean": [
      3.8120713305898493,
      4.716049382716049,
      8.5281207133059,
      2.8271604938271606,
      2.675582990397805,
      8.52400548696845,
      17.252400548696844
    ],
    "scale": [
      3.4080622905883926,
      3.542069761078786,
      5.744881842766545,
      2.264935862493722,
      2.2138810670212306,
      4.788937570142709,
      2.8117815769619994
    ]
  },
  "Big Data": {
    "coef": [
      0.03457348806926891,
      -0.23419687312356066,
      3.182062995671562,
      -0.21244664524981627,
      -0.07600229570509164,
      2.1421175607073106,
      1.2418516571441003
    ],
    "intercept": 30.385459533607683,
    "mean": [
      3.821673525377229,
      4.850480109739369,
      11.465020576131687,
      2.5843621399176953,
      2.482853223593964,
      8.015089163237311,
      17.569272976680384
    ],
    "scale": [
      3.51887280054543,
      3.6168904051636876,
      7.231556932758688,
      2.1075544205686647,
      2.075077688827741,
      4.829938359140046,
      2.6909266114787282
    ]
  }
}